cod_ibge;municipio;populacao_2000;populacao_2010;populacao_2020;populacao_2030;populacao_2040;populacao_2050;tx_crescimentopop_2000/2010;tx_crescimentopop_2010/2020;tx_crescimentopop_2020/2030;tx_crescimentopop_2030/2040;tx_crescimentopop_2040/2050
3500105;Adamantina;33.484;33.794;33.894;33.479;32.420;30.686;0,09;0,03;-0,12;-0,32;-0,55
3500204;Adolfo;3.680;3.558;3.447;3.320;3.139;2.903;-0,34;-0,32;-0,37;-0,56;-0,78
3500303;Aguaí;28.145;32.113;35.608;38.105;39.432;39.702;1,33;1,04;0,68;0,34;0,07
3500402;Águas da Prata;7.127;7.580;7.797;7.832;7.594;7.160;0,62;0,28;0,04;-0,31;-0,59
3500501;Águas de Lindóia;16.145;17.257;18.374;18.877;18.862;18.477;0,67;0,63;0,27;-0,01;-0,21
3500550;Águas de Santa Bárbara;5.210;5.598;5.931;6.147;6.200;6.119;0,72;0,58;0,36;0,09;-0,13
3500600;Águas de São Pedro;1.881;2.699;3.122;3.292;3.311;3.272;3,68;1,47;0,53;0,06;-0,12
3500709;Agudos;32.459;34.506;36.134;37.085;37.112;36.297;0,61;0,46;0,26;0,01;-0,22
3500758;Alambari;3.647;4.872;5.779;6.494;6.814;6.924;2,94;1,72;1,17;0,48;0,16
3500808;Alfredo Marcondes;3.695;3.889;3.927;3.865;3.710;3.470;0,51;0,1;-0,16;-0,41;-0,67
3500907;Altair;3.527;3.813;4.036;4.161;4.193;4.089;0,78;0,57;0,31;0,08;-0,25
3501004;Altinópolis;15.463;15.606;15.553;15.428;15.030;14.379;0,09;-0,03;-0,08;-0,26;-0,44
3501103;Alto Alegre;4.266;4.103;4.017;3.899;3.719;3.479;-0,39;-0,21;-0,3;-0,47;-0,66
3501152;Alumínio;15.237;16.825;17.972;18.877;19.410;19.403;1;0,66;0,49;0,28;0
3501202;Álvares Florence;4.322;3.900;3.621;3.351;3.040;2.679;-1,02;-0,74;-0,77;-0,97;-1,26
3501301;Álvares Machado;22.622;23.506;23.789;24.035;23.755;22.793;0,38;0,12;0,1;-0,12;-0,41
3501400;Álvaro de Carvalho;4.099;4.645;5.044;5.374;5.595;5.730;1,26;0,83;0,64;0,4;0,24
3501509;Alvinlândia;2.834;2.999;3.176;3.299;3.377;3.399;0,57;0,58;0,38;0,23;0,06
3501608;Americana;182.300;210.387;233.458;246.562;248.008;239.899;1,44;1,05;0,55;0,06;-0,33
3501707;Américo Brasiliense;28.196;34.421;40.243;44.127;46.283;46.946;2,01;1,57;0,93;0,48;0,14
3501806;Américo de Campos;5.594;5.705;5.736;5.643;5.400;5.032;0,2;0,05;-0,16;-0,44;-0,7
3501905;Amparo;60.305;65.782;69.639;71.156;69.883;66.509;0,87;0,57;0,22;-0,18;-0,49
3502002;Analândia;3.576;4.287;4.850;5.259;5.468;5.503;1,83;1,24;0,81;0,39;0,06
3502101;Andradina;55.134;55.333;56.054;56.103;55.048;52.610;0,04;0,13;0,01;-0,19;-0,45
3502200;Angatuba;19.276;22.184;24.501;26.264;27.071;27.118;1,42;1;0,7;0,3;0,02
3502309;Anhembi;4.524;5.643;6.672;7.445;7.892;8.097;2,23;1,69;1,1;0,58;0,26
3502408;Anhumas;3.409;3.735;3.963;4.130;4.157;4.045;0,92;0,59;0,41;0,07;-0,27
3502507;Aparecida;34.888;35.006;35.709;35.813;35.244;33.935;0,03;0,2;0,03;-0,16;-0,38
3502606;Aparecida d'Oeste;4.936;4.454;4.132;3.850;3.548;3.218;-1,02;-0,75;-0,7;-0,81;-0,97
3502705;Apiaí;27.153;25.207;24.666;25.183;25.546;25.539;-0,74;-0,22;0,21;0,14;0
3502754;Araçariguama;11.104;17.019;20.980;23.850;25.668;26.690;4,36;2,11;1,29;0,74;0,39
3502804;Araçatuba;169.087;181.473;190.469;193.349;189.514;180.238;0,71;0,48;0,15;-0,2;-0,5
3502903;Araçoiaba da Serra;19.758;27.226;32.390;36.532;38.862;40.138;3,26;1,75;1,21;0,62;0,32
3503000;Aramina;4.756;5.149;5.496;5.647;5.629;5.463;0,8;0,65;0,27;-0,03;-0,3
3503109;Arandu;6.060;6.123;6.165;6.201;6.134;5.980;0,1;0,07;0,06;-0,11;-0,25
3503158;Arapeí;2.615;2.494;2.471;2.446;2.385;2.272;-0,47;-0,09;-0,1;-0,25;-0,48
3503208;Araraquara;182.240;208.429;227.618;236.475;235.730;227.989;1,35;0,88;0,38;-0,03;-0,33
3503307;Araras;104.024;118.713;131.057;138.224;139.495;136.181;1,33;0,99;0,53;0,09;-0,24
3503356;Arco-Íris;2.167;1.927;1.816;1.710;1.600;1.465;-1,17;-0,59;-0,6;-0,66;-0,88
3503406;Arealva;7.240;7.836;8.196;8.385;8.295;8.017;0,79;0,45;0,23;-0,11;-0,34
3503505;Areias;3.597;3.695;3.843;4.016;4.137;4.165;0,27;0,39;0,44;0,3;0,07
3503604;Areiópolis;10.293;10.577;10.857;11.264;11.485;11.382;0,27;0,26;0,37;0,19;-0,09
3503703;Ariranha;7.460;8.537;9.320;9.809;9.900;9.722;1,36;0,88;0,51;0,09;-0,18
3503802;Artur Nogueira;32.965;44.071;52.609;58.294;60.898;61.317;2,95;1,79;1,03;0,44;0,07
3503901;Arujá;58.933;74.758;89.744;101.157;108.538;113.342;2,41;1,84;1,2;0,71;0,43
3503950;Aspásia;1.864;1.809;1.765;1.711;1.629;1.509;-0,3;-0,25;-0,31;-0,49;-0,76
3504008;Assis;87.135;95.075;101.381;105.003;105.198;102.600;0,88;0,64;0,35;0,02;-0,25
3504107;Atibaia;111.033;126.467;139.606;148.148;151.595;151.049;1,31;0,99;0,6;0,23;-0,04
3504206;Auriflama;13.506;14.196;14.471;14.422;13.998;13.153;0,5;0,19;-0,03;-0,3;-0,62
3504305;Avaí;4.597;4.956;5.288;5.510;5.547;5.437;0,75;0,65;0,41;0,07;-0,2
3504404;Avanhandava;8.820;11.287;12.114;12.779;13.179;13.279;2,5;0,71;0,54;0,31;0,08
3504503;Avaré;76.312;82.878;87.538;90.062;90.072;87.837;0,83;0,55;0,28;0;-0,25
3504602;Bady Bassitt;11.475;14.574;16.329;17.186;17.213;16.618;2,42;1,14;0,51;0,02;-0,35
3504701;Balbinos;1.312;3.670;3.704;3.716;3.684;3.615;10,83;0,09;0,03;-0,09;-0,19
3504800;Bálsamo;7.334;8.153;8.524;8.628;8.428;7.978;1,06;0,45;0,12;-0,23;-0,55
3504909;Bananal;9.707;10.219;10.651;11.001;11.182;11.134;0,52;0,41;0,32;0,16;-0,04
3505005;Barão de Antonina;2.796;3.113;3.383;3.602;3.706;3.722;1,08;0,84;0,63;0,29;0,04
3505104;Barbosa;5.833;6.586;7.284;7.846;8.205;8.375;1,22;1,01;0,75;0,45;0,21
3505203;Bariri;28.187;31.563;33.993;35.517;35.692;34.867;1,14;0,74;0,44;0,05;-0,23
3505302;Barra Bonita;35.439;35.248;34.914;34.258;32.893;30.619;-0,05;-0,1;-0,19;-0,41;-0,71
3505351;Barra do Chapéu;4.846;5.241;5.530;5.826;6.057;6.207;0,79;0,54;0,52;0,39;0,24
3505401;Barra do Turvo;8.098;7.732;7.687;7.912;8.153;8.305;-0,46;-0,06;0,29;0,3;0,18
3505500;Barretos;103.829;112.030;118.048;120.747;119.180;114.250;0,76;0,52;0,23;-0,13;-0,42
3505609;Barrinha;24.150;28.457;32.338;35.292;37.056;37.761;1,65;1,29;0,88;0,49;0,19
3505708;Barueri;207.372;240.459;264.390;281.110;293.036;299.366;1,49;0,95;0,62;0,42;0,21
3505807;Bastos;20.573;20.446;20.301;20.234;19.799;18.926;-0,06;-0,07;-0,03;-0,22;-0,45
3505906;Batatais;51.041;56.429;60.222;62.548;62.345;60.362;1,01;0,65;0,38;-0,03;-0,32
3506003;Bauru;315.493;343.695;364.225;374.023;371.221;357.488;0,86;0,58;0,27;-0,08;-0,38
3506102;Bebedouro;74.743;75.033;74.155;72.077;68.552;63.454;0,04;-0,12;-0,28;-0,5;-0,77
3506201;Bento de Abreu;2.394;2.672;2.945;3.131;3.228;3.223;1,1;0,98;0,61;0,31;-0,02
3506300;Bernardino de Campos;10.713;10.775;10.787;10.795;10.577;10.174;0,06;0,01;0,01;-0,2;-0,39
3506359;Bertioga;29.771;47.462;63.290;75.340;83.860;90.118;4,77;2,92;1,76;1,08;0,72
3506409;Bilac;6.082;7.039;7.816;8.107;8.054;7.784;1,47;1,05;0,37;-0,07;-0,34
3506508;Birigui;94.098;108.599;121.329;128.231;129.402;125.744;1,44;1,11;0,55;0,09;-0,29
3506607;Biritiba Mirim;24.579;28.540;32.338;35.571;37.671;38.828;1,51;1,26;0,96;0,58;0,3
3506706;Boa Esperança do Sul;12.551;13.636;14.582;15.266;15.598;15.490;0,83;0,67;0,46;0,22;-0,07
3506805;Bocaina;9.419;10.846;12.135;13.088;13.526;13.505;1,42;1,13;0,76;0,33;-0,02
3506904;Bofete;7.338;9.597;11.076;12.121;12.678;12.956;2,72;1,44;0,91;0,45;0,22
3507001;Boituva;34.240;48.177;57.292;63.439;67.118;68.494;3,47;1,75;1,02;0,57;0,2
3507100;Bom Jesus dos Perdões;13.275;19.644;24.291;27.346;28.915;29.571;4;2,15;1,19;0,56;0,22
3507159;Bom Sucesso de Itararé;3.221;3.568;3.861;4.190;4.450;4.641;1,03;0,79;0,82;0,6;0,42
3507209;Borá;795;805;812;810;770;722;0,13;0,09;-0,02;-0,51;-0,64
3507308;Boracéia;3.736;4.263;4.759;5.089;5.254;5.287;1,33;1,11;0,67;0,32;0,06
3507407;Borborema;13.183;14.517;15.323;15.653;15.440;14.828;0,97;0,54;0,21;-0,14;-0,4
3507456;Borebi;1.927;2.290;2.579;2.793;2.898;2.915;1,74;1,2;0,8;0,37;0,06
3507506;Botucatu;108.124;127.156;141.135;149.387;151.646;149.631;1,63;1,05;0,57;0,15;-0,13
3507605;Bragança Paulista;124.766;146.548;163.980;174.665;178.505;177.277;1,62;1,13;0,63;0,22;-0,07
3507704;Braúna;4.382;5.015;5.552;5.926;6.083;6.081;1,36;1,02;0,65;0,26;0
3507753;Brejo Alegre;2.306;2.571;2.768;2.871;2.884;2.799;1,09;0,74;0,37;0,05;-0,3
3507803;Brodowski;17.104;21.070;23.943;25.620;26.205;25.882;2,11;1,29;0,68;0,23;-0,12
3507902;Brotas;18.838;21.556;23.850;25.553;26.273;26.231;1,36;1,02;0,69;0,28;-0,02
3508009;Buri;17.595;18.555;19.678;21.134;22.419;23.359;0,53;0,59;0,72;0,59;0,41
3508108;Buritama;13.843;15.404;16.596;17.161;17.076;16.483;1,07;0,75;0,34;-0,05;-0,35
3508207;Buritizal;3.675;4.050;4.307;4.431;4.439;4.352;0,98;0,62;0,28;0,02;-0,2
3508306;Cabrália Paulista;4.648;4.367;4.308;4.281;4.225;4.091;-0,62;-0,14;-0,06;-0,13;-0,32
3508405;Cabreúva;32.926;41.525;49.430;55.861;60.129;62.154;2,35;1,76;1,23;0,74;0,33
3508504;Caçapava;76.027;84.676;91.217;94.729;95.427;93.623;1,08;0,75;0,38;0,07;-0,19
3508603;Cachoeira Paulista;27.164;30.066;32.231;33.447;33.575;32.781;1,02;0,7;0,37;0,04;-0,24
3508702;Caconde;18.367;18.537;18.854;19.130;18.912;18.320;0,09;0,17;0,15;-0,11;-0,32
3508801;Cafelândia;15.789;16.600;17.244;17.602;17.606;17.249;0,5;0,38;0,21;0;-0,2
3508900;Caiabu;4.075;4.072;4.103;4.107;4.073;3.939;-0,01;0,08;0,01;-0,08;-0,33
3509007;Caieiras;70.825;86.389;100.612;111.076;116.361;117.647;2,01;1,54;0,99;0,47;0,11
3509106;Caiuá;4.183;5.031;5.600;5.976;6.055;5.927;1,86;1,08;0,65;0,13;-0,21
3509205;Cajamar;50.568;63.989;77.627;88.940;97.782;103.923;2,38;1,95;1,37;0,95;0,61
3509254;Cajati;29.176;28.379;28.992;30.370;31.698;32.401;-0,28;0,21;0,47;0,43;0,22
3509304;Cajobi;9.170;9.763;10.105;10.228;10.079;9.643;0,63;0,34;0,12;-0,15;-0,44
3509403;Cajuru;20.755;23.348;25.663;27.303;28.058;28.168;1,18;0,95;0,62;0,27;0,04
3509452;Campina do Monte Alegre;5.195;5.564;5.812;5.970;6.009;5.959;0,69;0,44;0,27;0,07;-0,08
3509502;Campinas;968.160;1.079.140;1.175.501;1.223.394;1.230.235;1.200.940;1,09;0,86;0,4;0,06;-0,24
3509601;Campo Limpo Paulista;63.520;73.981;82.842;88.915;90.675;89.373;1,54;1,14;0,71;0,2;-0,14
3509700;Campos do Jordão;44.178;47.758;50.118;51.654;52.137;51.696;0,78;0,48;0,3;0,09;-0,08
3509809;Campos Novos Paulista;4.179;4.536;4.817;5.042;5.165;5.168;0,82;0,6;0,46;0,24;0,01
3509908;Cananéia;12.267;12.227;12.341;12.776;13.113;13.271;-0,03;0,09;0,35;0,26;0,12
3509957;Canas;3.605;4.378;5.064;5.576;5.873;5.997;1,96;1,47;0,97;0,52;0,21
3510005;Cândido Mota;29.241;29.879;30.019;29.701;28.582;26.847;0,22;0,05;-0,11;-0,38;-0,62
3510104;Cândido Rodrigues;2.610;2.668;2.674;2.624;2.520;2.353;0,22;0,02;-0,19;-0,4;-0,68
3510153;Canitar;3.469;4.361;4.991;5.541;5.910;6.097;2,31;1,36;1,05;0,65;0,31
3510203;Capão Bonito;46.729;46.183;46.418;47.343;47.157;46.069;-0,12;0,05;0,2;-0,04;-0,23
3510302;Capela do Alto;14.210;17.502;20.542;23.266;25.068;26.106;2,11;1,61;1,25;0,75;0,41
3510401;Capivari;41.393;48.512;54.231;58.332;60.294;60.378;1,6;1,12;0,73;0,33;0,01
3510500;Caraguatatuba;78.628;100.634;116.106;125.208;130.768;133.455;2,5;1,44;0,76;0,44;0,2
3510609;Carapicuíba;343.962;369.368;394.598;412.095;423.349;425.783;0,72;0,66;0,43;0,27;0,06
3510708;Cardoso;11.611;11.803;11.721;11.563;11.194;10.614;0,16;-0,07;-0,14;-0,32;-0,53
3510807;Casa Branca;26.785;28.294;29.462;30.156;30.102;29.474;0,55;0,41;0,23;-0,02;-0,21
3510906;Cássia dos Coqueiros;2.870;2.636;2.495;2.414;2.315;2.185;-0,85;-0,55;-0,33;-0,42;-0,58
3511003;Castilho;14.945;17.975;20.728;22.626;23.544;23.647;1,86;1,44;0,88;0,4;0,04
3511102;Catanduva;105.695;112.760;117.206;118.264;115.155;108.837;0,65;0,39;0,09;-0,27;-0,56
3511201;Catiguá;6.552;7.122;7.529;7.734;7.665;7.349;0,84;0,56;0,27;-0,09;-0,42
3511300;Cedral;6.690;7.960;8.836;9.305;9.384;9.179;1,75;1,05;0,52;0,08;-0,22
3511409;Cerqueira César;15.121;17.511;19.213;20.448;21.136;21.366;1,48;0,93;0,62;0,33;0,11
3511508;Cerquilho;29.402;39.520;46.411;51.187;53.716;54.411;3;1,62;0,98;0,48;0,13
3511607;Cesário Lange;12.865;15.516;17.248;18.216;18.626;18.577;1,89;1,06;0,55;0,22;-0,03
3511706;Charqueada;13.014;15.067;16.933;18.217;18.864;18.977;1,48;1,17;0,73;0,35;0,06
3511904;Clementina;5.399;7.049;8.324;9.165;9.666;9.879;2,7;1,68;0,97;0,53;0,22
3512001;Colina;16.656;17.365;17.603;17.528;17.034;16.216;0,42;0,14;-0,04;-0,29;-0,49
3512100;Colômbia;5.947;5.994;6.046;6.025;5.973;5.854;0,08;0,09;-0,03;-0,09;-0,2
3512209;Conchal;22.641;25.207;27.284;28.767;29.511;29.551;1,08;0,79;0,53;0,26;0,01
3512308;Conchas;14.873;16.276;17.134;17.738;17.957;17.795;0,91;0,52;0,35;0,12;-0,09
3512407;Cordeirópolis;17.546;21.048;24.356;26.759;28.095;28.557;1,84;1,47;0,95;0,49;0,16
3512506;Coroados;4.411;5.231;5.926;6.300;6.353;6.195;1,72;1,26;0,61;0,08;-0,25
3512605;Coronel Macedo;5.591;5.006;4.843;4.795;4.696;4.536;-1,1;-0,33;-0,1;-0,21;-0,35
3512704;Corumbataí;3.788;3.873;3.962;4.032;4.017;3.908;0,22;0,23;0,18;-0,04;-0,27
3512803;Cosmópolis;44.250;58.689;71.282;80.085;84.682;85.990;2,86;1,96;1,17;0,56;0,15
3512902;Cosmorama;7.376;7.215;6.997;6.756;6.402;5.924;-0,22;-0,31;-0,35;-0,54;-0,77
3513009;Cotia;148.519;200.647;247.424;285.614;312.438;331.909;3,05;2,12;1,45;0,9;0,61
3513108;Cravinhos;28.349;31.662;34.428;36.195;36.589;35.949;1,11;0,84;0,5;0,11;-0,18
3513207;Cristais Paulista;6.570;7.579;8.425;9.013;9.187;9.098;1,44;1,06;0,68;0,19;-0,1
3513306;Cruzália;2.611;2.277;2.117;2.007;1.887;1.734;-1,36;-0,73;-0,53;-0,61;-0,84
3513405;Cruzeiro;73.444;77.009;79.927;81.506;81.308;79.367;0,48;0,37;0,2;-0,02;-0,24
3513504;Cubatão;108.135;118.629;129.145;137.235;140.922;140.211;0,93;0,85;0,61;0,27;-0,05
3513603;Cunha;23.093;21.876;21.681;21.418;21.097;20.312;-0,54;-0,09;-0,12;-0,15;-0,38
3513702;Descalvado;28.889;31.038;32.430;33.026;32.588;31.162;0,72;0,44;0,18;-0,13;-0,45
3513801;Diadema;356.535;385.838;404.477;414.532;418.906;415.777;0,79;0,47;0,25;0,11;-0,07
3513850;Dirce Reis;1.625;1.688;1.717;1.688;1.630;1.533;0,38;0,17;-0,17;-0,35;-0,61
3513900;Divinolândia;12.014;11.215;10.886;10.657;10.303;9.786;-0,69;-0,3;-0,21;-0,34;-0,51
3514007;Dobrada;7.006;7.931;8.904;9.636;10.050;10.179;1,25;1,16;0,79;0,42;0,13
3514106;Dois Córregos;22.484;24.741;26.972;28.609;29.573;29.859;0,96;0,87;0,59;0,33;0,1
3514205;Dolcinópolis;2.151;2.096;2.040;1.963;1.858;1.729;-0,26;-0,27;-0,38;-0,55;-0,72
3514304;Dourado;8.598;8.609;8.482;8.271;7.910;7.433;0,01;-0,15;-0,25;-0,45;-0,62
3514403;Dracena;40.491;43.234;44.995;45.565;44.704;42.653;0,66;0,4;0,13;-0,19;-0,47
3514502;Duartina;12.470;12.253;11.975;11.618;11.158;10.514;-0,18;-0,23;-0,3;-0,4;-0,59
3514601;Dumont;6.293;8.126;9.570;10.352;10.581;10.405;2,59;1,65;0,79;0,22;-0,17
3514700;Echaporã;6.822;6.322;6.217;6.108;5.965;5.716;-0,76;-0,17;-0,18;-0,24;-0,43
3514809;Eldorado;14.124;14.637;15.236;16.127;16.832;17.189;0,36;0,4;0,57;0,43;0,21
3514908;Elias Fausto;13.865;15.758;17.346;18.366;18.747;18.574;1,29;0,96;0,57;0,21;-0,09
3514924;Elisiário;2.577;3.115;3.499;3.636;3.626;3.516;1,91;1,17;0,38;-0,03;-0,31
3514957;Embaúba;2.477;2.423;2.409;2.375;2.286;2.155;-0,22;-0,06;-0,14;-0,38;-0,59
3515004;Embu das Artes;207.103;239.939;270.790;293.664;308.736;316.358;1,48;1,22;0,81;0,5;0,24
3515103;Embu-Guaçu;56.671;62.718;68.053;72.769;75.822;77.001;1,02;0,82;0,67;0,41;0,15
3515129;Emilianópolis;2.893;3.019;3.068;3.045;2.965;2.801;0,43;0,16;-0,08;-0,27;-0,57
3515152;Engenheiro Coelho;10.000;15.662;20.535;23.737;25.618;26.527;4,59;2,75;1,46;0,77;0,35
3515186;Espírito Santo do Pinhal;40.448;41.895;42.573;42.905;41.785;39.568;0,35;0,16;0,08;-0,26;-0,54
3515194;Espírito Santo do Turvo;3.670;4.239;4.799;5.273;5.576;5.735;1,45;1,25;0,95;0,56;0,28
3515202;Estrela d'Oeste;8.258;8.208;8.094;7.932;7.645;7.198;-0,06;-0,14;-0,2;-0,37;-0,6
3515301;Estrela do Norte;2.626;2.658;2.665;2.689;2.700;2.629;0,12;0,03;0,09;0,04;-0,27
3515350;Euclides da Cunha Paulista;10.207;9.590;9.537;9.673;9.799;9.684;-0,62;-0,06;0,14;0,13;-0,12
3515400;Fartura;15.004;15.317;15.644;15.930;15.925;15.551;0,21;0,21;0,18;0;-0,24
3515509;Fernandópolis;61.593;64.670;66.112;65.808;63.718;59.940;0,49;0,22;-0,05;-0,32;-0,61
3515608;Fernando Prestes;5.431;5.533;5.572;5.500;5.271;4.924;0,19;0,07;-0,13;-0,42;-0,68
3515657;Fernão;1.434;1.562;1.649;1.713;1.744;1.730;0,86;0,54;0,38;0,18;-0,08
3515707;Ferraz de Vasconcelos;141.852;168.072;193.037;212.743;224.510;229.806;1,71;1,39;0,98;0,54;0,23
3515806;Flora Rica;2.179;1.755;1.589;1.467;1.370;1.257;-2,14;-0,99;-0,8;-0,68;-0,86
3515905;Floreal;3.226;3.005;2.856;2.703;2.485;2.234;-0,71;-0,51;-0,55;-0,84;-1,06
3516002;Flórida Paulista;11.118;12.832;12.120;11.518;10.940;10.260;1,44;-0,57;-0,51;-0,51;-0,64
3516101;Florínea;3.126;2.831;2.703;2.629;2.529;2.395;-0,99;-0,46;-0,28;-0,39;-0,54
3516200;Franca;287.162;318.369;342.125;356.077;358.772;351.168;1,04;0,72;0,4;0,08;-0,21
3516309;Francisco Morato;133.143;154.287;174.403;193.446;207.735;217.293;1,48;1,23;1,04;0,72;0,45
3516408;Franco da Rocha;107.883;131.389;152.201;168.107;179.378;186.971;1,99;1,48;1;0,65;0,42
3516507;Gabriel Monteiro;2.724;2.708;2.684;2.601;2.452;2.240;-0,06;-0,09;-0,31;-0,59;-0,9
3516606;Gália;7.862;7.018;6.563;6.301;5.981;5.564;-1,13;-0,67;-0,41;-0,52;-0,72
3516705;Garça;43.145;43.115;42.483;41.319;39.766;37.484;-0,01;-0,15;-0,28;-0,38;-0,59
3516804;Gastão Vidigal;3.588;4.188;4.768;5.161;5.411;5.529;1,56;1,31;0,8;0,47;0,22
3516853;Gavião Peixoto;4.123;4.416;4.610;4.748;4.765;4.648;0,69;0,43;0,3;0,04;-0,25
3516903;General Salgado;10.819;10.670;10.648;10.422;9.975;9.287;-0,14;-0,02;-0,21;-0,44;-0,71
3517000;Getulina;10.368;10.762;10.847;10.902;10.797;10.529;0,37;0,08;0,05;-0,1;-0,25
3517109;Glicério;4.426;4.564;4.749;4.848;4.852;4.760;0,31;0,4;0,21;0,01;-0,19
3517208;Guaiçara;9.179;10.657;11.947;12.819;13.240;13.311;1,5;1,15;0,71;0,32;0,05
3517307;Guaimbê;5.206;5.423;5.534;5.668;5.725;5.659;0,41;0,2;0,24;0,1;-0,12
3517406;Guaíra;34.574;37.380;39.061;39.684;39.086;37.310;0,78;0,44;0,16;-0,15;-0,46
3517505;Guapiaçu;14.049;17.834;20.848;22.650;23.277;23.058;2,41;1,57;0,83;0,27;-0,09
3517604;Guapiara;19.712;18.012;17.775;18.320;18.771;18.933;-0,9;-0,13;0,3;0,24;0,09
3517703;Guará;18.890;19.850;20.824;21.650;22.080;22.087;0,5;0,48;0,39;0,2;0
3517802;Guaraçaí;8.888;8.439;8.412;8.264;7.977;7.553;-0,52;-0,03;-0,18;-0,35;-0,54
3517901;Guaraci;8.836;9.966;10.978;11.600;11.842;11.763;1,21;0,97;0,55;0,21;-0,07
3518008;Guarani d'Oeste;2.005;1.970;1.922;1.877;1.807;1.694;-0,18;-0,25;-0,24;-0,38;-0,64
3518107;Guarantã;6.315;6.403;6.477;6.541;6.549;6.432;0,14;0,11;0,1;0,01;-0,18
3518206;Guararapes;28.822;30.582;32.076;32.677;32.445;31.412;0,59;0,48;0,19;-0,07;-0,32
3518305;Guararema;21.864;25.808;29.429;32.271;34.133;35.278;1,67;1,32;0,93;0,56;0,33
3518404;Guaratinguetá;104.101;112.004;118.345;121.304;120.592;116.857;0,73;0,55;0,25;-0,06;-0,31
3518503;Guareí;10.179;14.522;15.750;16.560;16.796;16.628;3,62;0,82;0,5;0,14;-0,1
3518602;Guariba;31.061;35.447;39.021;41.321;42.322;42.068;1,33;0,97;0,57;0,24;-0,06
3518701;Guarujá;264.235;290.526;316.405;337.853;348.528;349.069;0,95;0,86;0,66;0,31;0,02
3518800;Guarulhos;1.069.609;1.220.653;1.351.275;1.448.031;1.506.383;1.527.615;1,33;1,02;0,69;0,4;0,14
3518859;Guatapará;6.365;6.961;7.440;7.801;7.921;7.861;0,9;0,67;0,47;0,15;-0,08
3518909;Guzolândia;4.301;4.750;5.107;5.342;5.403;5.327;1;0,73;0,45;0,11;-0,14
3519006;Herculândia;7.983;8.690;9.260;9.731;9.985;9.980;0,85;0,64;0,5;0,26;-0,01
3519055;Holambra;7.195;11.257;14.493;16.536;17.834;18.599;4,58;2,56;1,33;0,76;0,42
3519071;Hortolândia;151.697;192.317;230.268;260.650;275.731;280.017;2,4;1,82;1,25;0,56;0,15
3519105;Iacanga;8.275;9.997;11.306;12.192;12.539;12.543;1,91;1,24;0,76;0,28;0
3519204;Iacri;6.786;6.422;6.272;6.079;5.830;5.458;-0,55;-0,24;-0,31;-0,42;-0,66
3519253;Iaras;3.044;6.337;6.894;7.359;7.672;7.854;7,61;0,85;0,65;0,42;0,23
3519303;Ibaté;26.378;30.696;34.738;37.508;38.858;38.859;1,53;1,24;0,77;0,35;0
3519402;Ibirá;9.440;10.883;12.059;12.652;12.738;12.533;1,43;1,03;0,48;0,07;-0,16
3519501;Ibirarema;5.699;6.716;7.509;8.065;8.378;8.463;1,66;1,12;0,72;0,38;0,1
3519600;Ibitinga;46.534;53.100;58.501;61.399;61.882;60.327;1,33;0,97;0,48;0,08;-0,25
3519709;Ibiúna;64.220;71.157;76.430;80.278;81.920;81.435;1,03;0,72;0,49;0,2;-0,06
3519808;Icém;6.766;7.456;8.032;8.425;8.645;8.702;0,98;0,75;0,48;0,26;0,07
3519907;Iepê;7.258;7.625;7.921;8.112;8.153;8.007;0,49;0,38;0,24;0,05;-0,18
3520004;Igaraçu do Tietê;22.596;23.356;24.135;24.725;24.751;23.997;0,33;0,33;0,24;0,01;-0,31
3520103;Igarapava;25.888;27.934;29.456;30.306;30.395;29.744;0,76;0,53;0,28;0,03;-0,22
3520202;Igaratá;8.271;8.826;9.312;9.683;9.861;9.864;0,65;0,54;0,39;0,18;0
3520301;Iguape;27.410;28.829;29.465;30.302;30.637;30.343;0,51;0,22;0,28;0,11;-0,1
3520400;Ilhabela;20.752;28.125;33.470;36.654;38.549;39.178;3,09;1,76;0,91;0,51;0,16
3520426;Ilha Comprida;6.653;9.003;10.296;11.358;11.986;12.332;3,07;1,35;0,99;0,54;0,28
3520442;Ilha Solteira;23.976;25.055;25.748;25.604;24.660;23.093;0,44;0,27;-0,06;-0,37;-0,65
3520509;Indaiatuba;146.530;201.089;242.868;264.595;274.729;274.974;3,22;1,91;0,86;0,38;0,01
3520608;Indiana;4.929;4.826;4.775;4.710;4.599;4.401;-0,21;-0,11;-0,14;-0,24;-0,44
3520707;Indiaporã;4.064;3.904;3.854;3.764;3.584;3.380;-0,4;-0,13;-0,24;-0,49;-0,58
3520806;Inúbia Paulista;3.318;3.627;3.892;4.065;4.098;4.002;0,89;0,71;0,44;0,08;-0,24
3520905;Ipaussu;12.542;13.653;14.506;15.165;15.476;15.398;0,85;0,61;0,45;0,2;-0,05
3521002;Iperó;18.289;28.198;34.352;38.426;40.226;40.662;4,42;1,99;1,13;0,46;0,11
3521101;Ipeúna;4.321;6.000;7.571;8.903;9.645;10.015;3,34;2,35;1,63;0,8;0,38
3521150;Ipiguá;3.461;4.454;5.231;5.676;5.821;5.799;2,55;1,62;0,82;0,25;-0,04
3521200;Iporanga;4.563;4.301;4.407;4.589;4.726;4.803;-0,59;0,24;0,41;0,29;0,16
3521309;Ipuã;11.855;14.127;15.861;17.091;17.720;17.798;1,77;1,16;0,75;0,36;0,04
3521408;Iracemápolis;15.517;19.987;23.654;25.957;26.931;26.723;2,56;1,7;0,93;0,37;-0,08
3521507;Irapuã;6.653;7.270;7.734;7.997;8.003;7.792;0,89;0,62;0,33;0,01;-0,27
3521606;Irapuru;7.464;7.786;7.334;6.950;6.551;6.096;0,42;-0,6;-0,54;-0,59;-0,72
3521705;Itaberá;18.901;17.867;17.614;17.649;17.741;17.495;-0,56;-0,14;0,02;0,05;-0,14
3521804;Itaí;21.006;23.982;26.507;28.445;29.425;29.643;1,33;1,01;0,71;0,34;0,07
3521903;Itajobi;14.220;14.553;14.614;14.365;13.751;12.806;0,23;0,04;-0,17;-0,44;-0,71
3522000;Itaju;2.635;3.240;3.654;3.949;4.050;4.006;2,09;1,21;0,78;0,25;-0,11
3522109;Itanhaém;71.694;86.919;98.757;107.733;112.824;116.346;1,94;1,29;0,87;0,46;0,31
3522158;Itaoca;3.232;3.228;3.186;3.204;3.176;3.132;-0,01;-0,13;0,06;-0,09;-0,14
3522208;Itapecerica da Serra;129.180;152.407;169.619;183.668;193.169;197.941;1,67;1,08;0,8;0,51;0,24
3522307;Itapetininga;125.314;144.209;160.150;172.458;178.423;179.602;1,41;1,05;0,74;0,34;0,07
3522406;Itapeva;82.773;87.711;91.693;95.840;97.842;97.611;0,58;0,44;0,44;0,21;-0,02
3522505;Itapevi;161.810;200.415;237.714;270.639;294.780;312.823;2,16;1,72;1,31;0,86;0,6
3522604;Itapira;63.309;68.492;71.500;71.980;69.640;65.357;0,79;0,43;0,07;-0,33;-0,63
3522653;Itapirapuã Paulista;3.574;3.877;4.180;4.495;4.728;4.896;0,82;0,76;0,73;0,51;0,35
3522703;Itápolis;37.703;40.031;41.548;42.251;41.570;39.517;0,6;0,37;0,17;-0,16;-0,51
3522802;Itaporanga;14.355;14.547;14.688;14.872;14.781;14.512;0,13;0,1;0,12;-0,06;-0,18
3522901;Itapuí;10.358;12.157;13.779;14.997;15.575;15.616;1,61;1,26;0,85;0,38;0,03
3523008;Itapura;3.837;4.352;4.916;5.382;5.611;5.647;1,27;1,23;0,91;0,42;0,06
3523107;Itaquaquecetuba;271.649;321.329;370.589;412.303;439.949;454.319;1,69;1,44;1,07;0,65;0,32
3523206;Itararé;46.508;47.922;49.018;50.229;50.826;50.498;0,3;0,23;0,24;0,12;-0,06
3523305;Itariri;13.592;15.455;17.274;18.864;19.893;20.362;1,29;1,12;0,88;0,53;0,23
3523404;Itatiba;80.987;101.283;117.916;127.769;131.177;130.150;2,26;1,53;0,81;0,26;-0,08
3523503;Itatinga;15.429;18.029;20.550;22.487;23.882;24.774;1,57;1,32;0,9;0,6;0,37
3523602;Itirapina;12.805;15.499;17.162;18.258;18.745;18.852;1,93;1,02;0,62;0,26;0,06
3523701;Itirapuã;5.409;5.910;6.279;6.572;6.700;6.651;0,89;0,61;0,46;0,19;-0,07
3523800;Itobi;7.459;7.545;7.609;7.564;7.344;6.960;0,11;0,08;-0,06;-0,29;-0,54
3523909;Itu;135.069;153.980;169.772;179.728;183.939;183.287;1,32;0,98;0,57;0,23;-0,04
3524006;Itupeva;26.075;44.658;59.159;69.741;76.030;79.165;5,53;2,85;1,66;0,87;0,4
3524105;Ituverava;36.236;38.674;40.246;40.831;40.249;38.718;0,65;0,4;0,14;-0,14;-0,39
3524204;Jaborandi;6.423;6.591;6.677;6.669;6.571;6.363;0,26;0,13;-0,01;-0,15;-0,32
3524303;Jaboticabal;67.325;71.625;74.221;74.937;73.282;69.607;0,62;0,36;0,1;-0,22;-0,51
3524402;Jacareí;191.011;211.040;227.945;238.276;241.451;238.179;1;0,77;0,44;0,13;-0,14
3524501;Jaci;4.108;5.642;6.969;7.693;7.951;7.879;3,22;2,13;0,99;0,33;-0,09
3524600;Jacupiranga;17.019;17.207;17.222;17.433;17.555;17.349;0,11;0,01;0,12;0,07;-0,12
3524709;Jaguariúna;29.533;44.162;54.848;60.561;63.379;64.092;4,11;2,19;1;0,46;0,11
3524808;Jales;46.137;47.005;47.254;46.754;44.871;41.781;0,19;0,05;-0,11;-0,41;-0,71
3524907;Jambeiro;3.985;5.336;6.214;6.730;6.996;7.065;2,96;1,53;0,8;0,39;0,1
3525003;Jandira;91.478;108.195;123.603;136.231;144.088;147.310;1,69;1,34;0,98;0,56;0,22
3525102;Jardinópolis;30.660;37.597;42.893;46.173;47.710;47.834;2,06;1,33;0,74;0,33;0,03
3525201;Jarinu;16.970;23.780;29.820;34.687;37.709;39.347;3,43;2,29;1,52;0,84;0,43
3525300;Jaú;111.921;130.870;147.505;156.668;159.263;157.233;1,58;1,2;0,6;0,16;-0,13
3525409;Jeriquara;3.280;3.161;3.141;3.131;3.087;2.989;-0,37;-0,06;-0,03;-0,14;-0,32
3525508;Joanópolis;10.386;11.756;12.666;13.127;13.139;12.766;1,25;0,75;0,36;0,01;-0,29
3525607;João Ramalho;3.834;4.147;4.384;4.542;4.599;4.516;0,79;0,56;0,35;0,12;-0,18
3525706;José Bonifácio;28.662;32.727;35.981;38.128;38.561;37.743;1,34;0,95;0,58;0,11;-0,21
3525805;Júlio Mesquita;4.163;4.428;4.640;4.800;4.837;4.797;0,62;0,47;0,34;0,08;-0,08
3525854;Jumirim;2.190;2.792;3.306;3.641;3.804;3.821;2,46;1,7;0,97;0,44;0,04
3525904;Jundiaí;323.056;369.710;407.016;427.403;432.483;424.146;1,36;0,97;0,49;0,12;-0,19
3526001;Junqueirópolis;17.012;18.711;20.065;20.992;21.294;21.015;0,96;0,7;0,45;0,14;-0,13
3526100;Juquiá;20.480;19.256;18.828;19.082;19.108;18.917;-0,61;-0,22;0,13;0,01;-0,1
3526209;Juquitiba;26.388;28.717;30.401;32.147;33.481;34.224;0,85;0,57;0,56;0,41;0,22
3526308;Lagoinha;4.954;4.842;4.819;4.824;4.756;4.574;-0,23;-0,05;0,01;-0,14;-0,39
3526407;Laranjal Paulista;22.114;25.223;27.834;29.669;30.384;30.352;1,32;0,99;0,64;0,24;-0,01
3526506;Lavínia;5.134;8.740;8.500;8.241;7.964;7.520;5,46;-0,28;-0,31;-0,34;-0,57
3526605;Lavrinhas;5.994;6.585;7.167;7.616;7.886;7.977;0,94;0,85;0,61;0,35;0,11
3526704;Leme;80.628;91.658;100.975;107.430;110.392;110.458;1,29;0,97;0,62;0,27;0,01
3526803;Lençóis Paulista;54.936;61.372;66.343;69.336;69.758;67.972;1,11;0,78;0,44;0,06;-0,26
3526902;Limeira;248.618;275.786;296.300;307.308;306.848;296.683;1,04;0,72;0,37;-0,01;-0,34
3527009;Lindóia;5.318;6.699;7.722;8.330;8.562;8.491;2,34;1,43;0,76;0,28;-0,08
3527108;Lins;65.886;71.385;75.087;76.688;75.611;72.618;0,8;0,51;0,21;-0,14;-0,4
3527207;Lorena;77.914;82.498;86.639;89.277;90.439;89.843;0,57;0,49;0,3;0,13;-0,07
3527256;Lourdes;2.004;2.127;2.182;2.169;2.094;1.954;0,6;0,26;-0,06;-0,35;-0,69
3527306;Louveira;23.817;36.989;48.268;54.639;58.602;60.408;4,5;2,7;1,25;0,7;0,3
3527405;Lucélia;18.311;19.868;21.019;21.547;21.414;20.669;0,82;0,56;0,25;-0,06;-0,35
3527504;Lucianópolis;2.156;2.248;2.261;2.265;2.241;2.199;0,42;0,06;0,02;-0,11;-0,19
3527603;Luís Antônio;7.146;11.243;14.166;15.945;16.958;17.347;4,64;2,34;1,19;0,62;0,23
3527702;Luiziânia;4.273;5.023;5.754;6.281;6.535;6.600;1,63;1,37;0,88;0,4;0,1
3527801;Lupércio;4.228;4.352;4.421;4.470;4.457;4.365;0,29;0,16;0,11;-0,03;-0,21
3527900;Lutécia;2.895;2.715;2.621;2.568;2.493;2.380;-0,64;-0,35;-0,2;-0,3;-0,46
3528007;Macatuba;15.729;16.255;16.932;17.341;17.427;17.082;0,33;0,41;0,24;0,05;-0,2
3528106;Macaubal;7.385;7.661;7.749;7.598;7.232;6.693;0,37;0,11;-0,2;-0,49;-0,77
3528205;Macedônia;3.763;3.665;3.574;3.443;3.234;2.973;-0,26;-0,25;-0,37;-0,62;-0,84
3528304;Magda;3.423;3.202;3.088;2.970;2.816;2.629;-0,67;-0,36;-0,39;-0,53;-0,68
3528403;Mairinque;39.860;43.195;46.323;48.430;49.485;49.325;0,81;0,7;0,45;0,22;-0,03
3528502;Mairiporã;59.883;80.755;98.622;111.561;118.766;122.463;3,04;2,02;1,24;0,63;0,31
3528601;Manduri;8.261;8.986;9.525;9.812;9.836;9.607;0,84;0,58;0,3;0,02;-0,24
3528700;Marabá Paulista;3.697;4.801;4.931;5.027;5.036;4.942;2,65;0,27;0,19;0,02;-0,19
3528809;Maracaí;12.998;13.329;13.521;13.506;13.223;12.694;0,25;0,14;-0,01;-0,21;-0,41
3528858;Marapoama;2.234;2.629;2.906;3.049;3.046;2.951;1,64;1,01;0,48;-0,01;-0,32
3528908;Mariápolis;3.858;3.915;3.975;3.985;3.945;3.827;0,15;0,15;0,03;-0,1;-0,3
3529005;Marília;196.965;216.576;231.554;239.808;239.642;232.202;0,95;0,67;0,35;-0,01;-0,31
3529104;Marinópolis;2.194;2.114;2.097;2.068;1.990;1.867;-0,37;-0,08;-0,14;-0,38;-0,64
3529203;Martinópolis;22.320;24.203;25.668;26.521;26.573;25.902;0,81;0,59;0,33;0,02;-0,26
3529302;Matão;71.669;76.743;80.020;81.006;79.717;76.014;0,69;0,42;0,12;-0,16;-0,47
3529401;Mauá;362.676;416.585;460.132;488.538;500.134;496.055;1,4;1;0,6;0,23;-0,08
3529500;Mendonça;3.756;4.632;5.043;5.191;5.065;4.770;2,12;0,85;0,29;-0,25;-0,6
3529609;Meridiano;4.023;3.856;3.739;3.600;3.389;3.102;-0,42;-0,31;-0,38;-0,6;-0,88
3529658;Mesópolis;1.931;1.886;1.893;1.891;1.863;1.812;-0,24;0,04;-0,01;-0,15;-0,28
3529708;Miguelópolis;19.003;20.439;21.424;22.103;22.318;21.995;0,73;0,47;0,31;0,1;-0,15
3529807;Mineiros do Tietê;11.390;12.033;12.597;12.985;13.078;12.863;0,55;0,46;0,3;0,07;-0,17
3529906;Miracatu;22.349;20.606;19.934;20.304;20.746;20.910;-0,81;-0,33;0,18;0,22;0,08
3530003;Mira Estrela;2.597;2.818;2.939;2.995;2.916;2.784;0,82;0,42;0,19;-0,27;-0,46
3530102;Mirandópolis;25.921;27.470;28.646;29.119;28.949;28.192;0,58;0,42;0,16;-0,06;-0,26
3530201;Mirante do Paranapanema;16.203;17.052;17.769;18.280;18.256;17.702;0,51;0,41;0,28;-0,01;-0,31
3530300;Mirassol;48.233;53.744;57.824;60.016;59.884;57.738;1,09;0,73;0,37;-0,02;-0,36
3530409;Mirassolândia;3.734;4.290;4.702;5.004;5.131;5.149;1,4;0,92;0,62;0,25;0,04
3530508;Mococa;65.503;66.284;66.753;66.045;64.102;60.760;0,12;0,07;-0,11;-0,3;-0,53
3530607;Mogi das Cruzes;329.653;387.260;432.905;470.520;492.687;501.560;1,62;1,12;0,84;0,46;0,18
3530706;Mogi Guaçu;123.984;137.131;148.325;154.442;155.352;151.311;1,01;0,79;0,4;0,06;-0,26
3530805;Mogi Mirim;81.293;86.462;90.439;91.975;90.785;87.115;0,62;0,45;0,17;-0,13;-0,41
3530904;Mombuca;3.102;3.265;3.332;3.391;3.394;3.320;0,51;0,2;0,18;0,01;-0,22
3531001;Monções;2.056;2.131;2.175;2.150;2.079;1.958;0,36;0,2;-0,12;-0,34;-0,6
3531100;Mongaguá;34.897;46.186;54.610;60.304;63.949;66.615;2,84;1,69;1;0,59;0,41
3531209;Monte Alegre do Sul;6.312;7.145;7.749;8.103;8.095;7.810;1,25;0,81;0,45;-0,01;-0,36
3531308;Monte Alto;43.574;46.616;48.405;48.638;47.312;44.738;0,68;0,38;0,05;-0,28;-0,56
3531407;Monte Aprazível;18.404;21.716;23.458;24.134;23.777;22.697;1,67;0,77;0,28;-0,15;-0,46
3531506;Monte Azul Paulista;19.534;18.936;18.191;17.545;16.701;15.554;-0,31;-0,4;-0,36;-0,49;-0,71
3531605;Monte Castelo;4.095;4.063;3.991;3.901;3.713;3.443;-0,08;-0,18;-0,23;-0,49;-0,75
3531704;Monteiro Lobato;3.613;4.116;4.465;4.683;4.746;4.658;1,31;0,82;0,48;0,13;-0,19
3531803;Monte Mor;37.207;48.839;59.614;68.415;74.017;76.771;2,76;2,01;1,39;0,79;0,37
3531902;Morro Agudo;25.386;29.083;32.332;34.855;36.540;37.268;1,37;1,06;0,75;0,47;0,2
3532009;Morungaba;9.893;11.752;13.247;14.252;14.651;14.640;1,74;1,2;0,73;0,28;-0,01
3532058;Motuca;3.866;4.286;4.638;4.870;4.913;4.795;1,04;0,79;0,49;0,09;-0,24
3532108;Murutinga do Sul;3.969;4.184;4.281;4.270;4.071;3.751;0,53;0,23;-0,03;-0,48;-0,82
3532157;Nantes;2.272;2.703;3.071;3.366;3.547;3.615;1,75;1,28;0,92;0,53;0,19
3532207;Narandiba;3.737;4.283;4.841;5.277;5.533;5.637;1,37;1,23;0,87;0,47;0,19
3532306;Natividade da Serra;6.947;6.680;6.698;6.731;6.712;6.609;-0,39;0,03;0,05;-0,03;-0,15
3532405;Nazaré Paulista;14.381;16.396;18.445;19.959;20.704;20.861;1,32;1,18;0,79;0,37;0,08
3532504;Neves Paulista;8.901;8.773;8.620;8.297;7.811;7.132;-0,14;-0,18;-0,38;-0,6;-0,91
3532603;Nhandeara;10.196;10.720;10.782;10.458;9.823;8.953;0,5;0,06;-0,3;-0,62;-0,92
3532702;Nipoã;3.262;4.264;4.969;5.369;5.581;5.626;2,71;1,54;0,78;0,39;0,08
3532801;Nova Aliança;4.762;5.881;6.450;6.725;6.732;6.543;2,13;0,93;0,42;0,01;-0,28
3532827;Nova Campina;7.272;8.504;9.675;10.752;11.495;11.971;1,58;1,3;1,06;0,67;0,41
3532843;Nova Canaã Paulista;2.485;2.117;1.937;1.773;1.600;1.416;-1,59;-0,88;-0,88;-1,02;-1,21
3532868;Nova Castilho;990;1.124;1.176;1.204;1.195;1.158;1,28;0,45;0,24;-0,08;-0,31
3532900;Nova Europa;7.286;9.281;10.749;11.747;12.182;12.222;2,45;1,48;0,89;0,36;0,03
3533007;Nova Granada;16.998;19.161;20.918;22.090;22.450;22.098;1,21;0,88;0,55;0,16;-0,16
3533106;Nova Guataporanga;2.087;2.176;2.191;2.177;2.095;1.975;0,42;0,07;-0,06;-0,38;-0,59
3533205;Nova Independência;2.062;3.058;3.731;4.125;4.321;4.371;4,02;2,01;1,01;0,47;0,12
3533254;Novais;3.224;4.578;5.509;6.091;6.443;6.599;3,57;1,87;1,01;0,56;0,24
3533304;Nova Luzitânia;2.748;3.435;4.044;4.407;4.592;4.620;2,26;1,65;0,86;0,41;0,06
3533403;Nova Odessa;41.987;51.158;58.039;61.984;63.156;62.099;2;1,27;0,66;0,19;-0,17
3533502;Novo Horizonte;32.413;36.556;38.954;40.227;40.013;38.796;1,21;0,64;0,32;-0,05;-0,31
3533601;Nuporanga;6.304;6.813;7.268;7.488;7.446;7.194;0,78;0,65;0,3;-0,06;-0,34
3533700;Ocauçu;4.165;4.163;4.146;4.103;4.014;3.844;0;-0,04;-0,1;-0,22;-0,43
3533809;Óleo;2.992;2.676;2.527;2.426;2.302;2.168;-1,11;-0,57;-0,41;-0,52;-0,6
3533908;Olímpia;45.981;49.989;52.516;53.671;53.509;52.109;0,84;0,49;0,22;-0,03;-0,26
3534005;Onda Verde;3.407;3.880;4.225;4.442;4.515;4.445;1,31;0,86;0,5;0,16;-0,16
3534104;Oriente;5.892;6.095;6.265;6.327;6.243;5.995;0,34;0,28;0,1;-0,13;-0,4
3534203;Orindiúva;4.149;5.660;6.866;7.644;7.991;8.029;3,15;1,95;1,08;0,44;0,05
3534302;Orlândia;35.956;39.748;42.266;43.594;43.548;42.267;1,01;0,62;0,31;-0,01;-0,3
3534401;Osasco;651.736;666.621;680.964;697.016;707.592;703.949;0,23;0,21;0,23;0,15;-0,05
3534500;Oscar Bressane;2.552;2.537;2.514;2.427;2.291;2.120;-0,06;-0,09;-0,35;-0,58;-0,77
3534609;Osvaldo Cruz;29.641;30.906;31.263;30.931;29.693;27.845;0,42;0,11;-0,11;-0,41;-0,64
3534708;Ourinhos;93.693;102.955;110.489;115.161;116.758;115.469;0,95;0,71;0,42;0,14;-0,11
3534757;Ouroeste;6.276;8.385;9.777;10.611;11.069;11.167;2,94;1,55;0,82;0,42;0,09
3534807;Ouro Verde;7.147;7.794;8.268;8.611;8.750;8.674;0,87;0,59;0,41;0,16;-0,09
3534906;Pacaembu;12.517;13.220;13.056;12.880;12.517;11.929;0,55;-0,12;-0,14;-0,29;-0,48
3535002;Palestina;9.099;11.033;12.160;12.585;12.495;12.036;1,95;0,98;0,34;-0,07;-0,37
3535101;Palmares Paulista;8.425;10.910;12.997;14.460;15.263;15.426;2,62;1,77;1,07;0,54;0,11
3535200;Palmeira d'Oeste;10.327;9.590;9.130;8.743;8.242;7.584;-0,74;-0,49;-0,43;-0,59;-0,83
3535309;Palmital;20.681;21.182;21.599;21.522;21.047;20.179;0,24;0,2;-0,04;-0,22;-0,42
3535408;Panorama;13.636;14.575;15.199;15.681;15.896;15.800;0,67;0,42;0,31;0,14;-0,06
3535507;Paraguaçu Paulista;39.559;42.255;44.180;45.130;45.026;43.808;0,66;0,45;0,21;-0,02;-0,27
3535606;Paraibuna;16.988;17.385;18.230;18.916;19.355;19.487;0,23;0,48;0,37;0,23;0,07
3535705;Paraíso;5.422;5.894;6.269;6.463;6.478;6.298;0,84;0,62;0,31;0,02;-0,28
3535804;Paranapanema;15.482;17.788;19.962;21.695;22.706;23.102;1,4;1,16;0,84;0,46;0,17
3535903;Paranapuã;3.633;3.813;3.892;3.897;3.786;3.577;0,48;0,21;0,01;-0,29;-0,57
3536000;Parapuã;11.107;10.846;10.507;10.162;9.628;8.897;-0,24;-0,32;-0,33;-0,54;-0,79
3536109;Pardinho;4.718;5.574;6.392;7.110;7.635;8.013;1,68;1,38;1,07;0,71;0,48
3536208;Pariquera-Açu;17.601;18.439;19.251;19.811;20.135;20.041;0,47;0,43;0,29;0,16;-0,05
3536257;Parisi;1.944;2.031;2.054;2.036;1.967;1.852;0,44;0,11;-0,09;-0,34;-0,6
3536307;Patrocínio Paulista;11.399;12.986;14.463;15.701;16.463;16.897;1,31;1,08;0,82;0,48;0,26
3536406;Paulicéia;5.290;6.330;7.146;7.751;8.060;8.146;1,81;1,22;0,82;0,39;0,11
3536505;Paulínia;51.163;81.825;105.037;120.455;127.779;130.436;4,81;2,53;1,38;0,59;0,21
3536570;Paulistânia;1.778;1.779;1.769;1.758;1.715;1.642;0,01;-0,06;-0,06;-0,25;-0,43
3536604;Paulo de Faria;8.470;8.588;8.521;8.493;8.400;8.123;0,14;-0,08;-0,03;-0,11;-0,33
3536703;Pederneiras;36.567;41.454;45.570;48.200;49.002;48.476;1,26;0,95;0,56;0,17;-0,11
3536802;Pedra Bela;5.604;5.779;5.964;6.025;5.959;5.811;0,31;0,32;0,1;-0,11;-0,25
3536901;Pedranópolis;2.737;2.559;2.422;2.323;2.181;2.007;-0,67;-0,55;-0,42;-0,63;-0,83
3537008;Pedregulho;14.982;15.694;16.279;16.648;16.842;16.762;0,47;0,37;0,22;0,12;-0,05
3537107;Pedreira;35.141;41.501;46.548;49.717;50.880;50.119;1,68;1,15;0,66;0,23;-0,15
3537156;Pedrinhas Paulista;2.858;2.939;3.010;3.041;2.961;2.796;0,28;0,24;0,1;-0,27;-0,57
3537206;Pedro de Toledo;9.173;10.195;10.977;11.717;12.140;12.326;1,06;0,74;0,65;0,36;0,15
3537305;Penápolis;54.570;58.477;60.774;61.559;60.638;58.414;0,69;0,39;0,13;-0,15;-0,37
3537404;Pereira Barreto;25.033;24.963;25.391;25.443;25.032;24.004;-0,03;0,17;0,02;-0,16;-0,42
3537503;Pereiras;6.207;7.443;8.428;9.091;9.319;9.289;1,83;1,25;0,76;0,25;-0,03
3537602;Peruíbe;51.237;59.698;66.201;71.318;75.114;78.185;1,54;1,04;0,75;0,52;0,4
3537701;Piacatu;4.624;5.281;5.891;6.284;6.423;6.352;1,34;1,1;0,65;0,22;-0,11
3537800;Piedade;50.065;52.126;53.536;54.513;54.353;52.928;0,4;0,27;0,18;-0,03;-0,27
3537909;Pilar do Sul;23.902;26.385;28.221;29.413;29.955;29.922;0,99;0,67;0,41;0,18;-0,01
3538006;Pindamonhangaba;125.775;146.807;163.611;173.238;176.509;175.061;1,56;1,09;0,57;0,19;-0,08
3538105;Pindorama;13.101;15.022;16.255;16.764;16.606;16.055;1,38;0,79;0,31;-0,09;-0,34
3538204;Pinhalzinho;10.959;13.086;14.755;15.802;16.033;15.797;1,79;1,21;0,69;0,15;-0,15
3538303;Piquerobi;3.476;3.537;3.535;3.494;3.403;3.238;0,17;-0,01;-0,12;-0,26;-0,5
3538501;Piquete;15.196;14.116;13.647;13.384;13.009;12.386;-0,73;-0,34;-0,19;-0,28;-0,49
3538600;Piracaia;23.303;25.101;26.287;27.011;26.969;26.258;0,75;0,46;0,27;-0,02;-0,27
3538709;Piracicaba;328.642;364.261;389.873;402.403;400.714;387.715;1,03;0,68;0,32;-0,04;-0,33
3538808;Piraju;27.879;28.470;28.574;28.270;27.585;26.427;0,21;0,04;-0,11;-0,24;-0,43
3538907;Pirajuí;20.083;22.681;23.259;23.345;22.997;22.337;1,22;0,25;0,04;-0,15;-0,29
3539004;Pirangi;10.036;10.618;10.823;10.764;10.415;9.815;0,57;0,19;-0,05;-0,33;-0,59
3539103;Pirapora do Bom Jesus;12.344;15.702;18.851;21.686;23.627;24.790;2,44;1,84;1,41;0,86;0,48
3539202;Pirapozinho;22.093;24.671;27.213;29.083;29.785;29.469;1,11;0,99;0,67;0,24;-0,11
3539301;Pirassununga;64.782;70.036;73.706;75.257;74.279;71.094;0,78;0,51;0,21;-0,13;-0,44
3539400;Piratininga;10.575;12.059;13.213;13.990;14.147;13.874;1,32;0,92;0,57;0,11;-0,19
3539509;Pitangueiras;31.112;35.270;38.584;41.039;42.425;42.601;1,26;0,9;0,62;0,33;0,04
3539608;Planalto;3.668;4.456;5.167;5.661;5.939;6.073;1,97;1,49;0,92;0,48;0,22
3539707;Platina;2.867;3.189;3.501;3.752;3.942;4.057;1,07;0,94;0,69;0,5;0,29
3539806;Poá;95.597;105.924;115.538;122.260;125.828;126.628;1,03;0,87;0,57;0,29;0,06
3539905;Poloni;4.771;5.390;5.667;5.757;5.692;5.478;1,23;0,5;0,16;-0,11;-0,38
3540002;Pompéia;18.162;19.948;21.282;22.142;22.234;21.710;0,94;0,65;0,4;0,04;-0,24
3540101;Pongaí;3.692;3.483;3.351;3.234;3.049;2.815;-0,58;-0,39;-0,35;-0,59;-0,8
3540200;Pontal;29.608;40.142;49.283;54.836;58.193;59.487;3,09;2,07;1,07;0,6;0,22
3540259;Pontalinda;3.536;4.069;4.487;4.728;4.837;4.832;1,41;0,98;0,52;0,23;-0,01
3540309;Pontes Gestal;2.543;2.518;2.528;2.529;2.502;2.424;-0,1;0,04;0;-0,11;-0,32
3540408;Populina;4.452;4.225;3.995;3.806;3.571;3.284;-0,52;-0,56;-0,48;-0,64;-0,83
3540507;Porangaba;6.642;8.310;9.310;9.900;10.030;9.903;2,27;1,14;0,62;0,13;-0,13
3540606;Porto Feliz;45.424;48.864;51.697;53.418;53.542;52.121;0,73;0,57;0,33;0,02;-0,27
3540705;Porto Ferreira;47.343;51.366;54.102;55.396;55.546;54.098;0,82;0,52;0,24;0,03;-0,26
3540754;Potim;13.562;19.340;20.702;21.719;22.140;21.888;3,61;0,68;0,48;0,19;-0,11
3540804;Potirendaba;13.631;15.433;16.605;17.157;17.085;16.520;1,25;0,73;0,33;-0,04;-0,34
3540853;Pracinha;1.432;2.842;2.913;2.963;2.979;2.957;7,09;0,25;0,17;0,05;-0,07
3540903;Pradópolis;12.880;17.334;20.907;23.231;24.506;25.059;3,01;1,89;1,06;0,54;0,22
3541000;Praia Grande;192.769;261.391;316.844;354.070;373.470;382.757;3,09;1,94;1,12;0,53;0,25
3541059;Pratânia;3.941;4.593;5.156;5.673;5.977;6.112;1,54;1,16;0,96;0,52;0,22
3541109;Presidente Alves;4.319;4.125;4.020;3.923;3.783;3.579;-0,46;-0,26;-0,24;-0,36;-0,55
3541208;Presidente Bernardes;14.650;13.579;13.720;13.540;12.974;12.045;-0,76;0,1;-0,13;-0,43;-0,74
3541307;Presidente Epitácio;39.254;41.301;42.400;43.029;42.830;41.598;0,51;0,26;0,15;-0,05;-0,29
3541406;Presidente Prudente;188.949;207.449;221.073;227.646;226.151;218.067;0,94;0,64;0,29;-0,07;-0,36
3541505;Presidente Venceslau;37.335;37.905;38.005;37.554;36.545;34.532;0,15;0,03;-0,12;-0,27;-0,56
3541604;Promissão;31.073;35.633;39.667;42.748;44.490;44.835;1,38;1,08;0,75;0,4;0,08
3541653;Quadra;2.643;3.231;3.708;4.044;4.212;4.237;2,03;1,39;0,87;0,41;0,06
3541703;Quatá;11.652;12.789;13.935;14.760;15.123;15.075;0,94;0,86;0,58;0,24;-0,03
3541802;Queiroz;2.169;2.802;3.279;3.660;3.869;3.943;2,59;1,58;1,11;0,56;0,19
3541901;Queluz;9.098;11.289;12.644;13.453;13.757;13.605;2,18;1,14;0,62;0,22;-0,11
3542008;Quintana;5.440;5.999;6.500;6.834;6.968;6.940;0,98;0,81;0,5;0,19;-0,04
3542107;Rafard;8.362;8.610;8.976;9.323;9.493;9.418;0,29;0,42;0,38;0,18;-0,08
3542206;Rancharia;28.754;28.804;28.847;28.886;28.419;27.295;0,02;0,01;0,01;-0,16;-0,4
3542305;Redenção da Serra;4.047;3.874;3.837;3.802;3.722;3.595;-0,44;-0,1;-0,09;-0,21;-0,35
3542404;Regente Feijó;16.977;18.481;19.491;19.995;19.886;19.150;0,85;0,53;0,26;-0,05;-0,38
3542503;Reginópolis;4.742;7.297;7.215;7.086;6.917;6.637;4,4;-0,11;-0,18;-0,24;-0,41
3542602;Registro;53.704;54.257;54.216;54.781;55.265;54.652;0,1;-0,01;0,1;0,09;-0,11
3542701;Restinga;5.572;6.578;7.493;8.255;8.724;8.965;1,67;1,31;0,97;0,55;0,27
3542800;Ribeira;3.512;3.359;3.242;3.233;3.234;3.216;-0,44;-0,35;-0,03;0;-0,06
3542909;Ribeirão Bonito;11.237;12.127;12.959;13.632;14.067;14.182;0,77;0,67;0,51;0,31;0,08
3543006;Ribeirão Branco;21.211;18.292;17.685;17.685;17.553;17.114;-1,47;-0,34;0;-0,07;-0,25
3543105;Ribeirão Corrente;3.874;4.270;4.664;4.987;5.192;5.269;0,98;0,89;0,67;0,4;0,15
3543204;Ribeirão do Sul;4.488;4.446;4.360;4.253;4.068;3.805;-0,09;-0,2;-0,25;-0,44;-0,67
3543238;Ribeirão dos Índios;2.221;2.187;2.141;2.091;2.002;1.873;-0,15;-0,21;-0,24;-0,43;-0,66
3543253;Ribeirão Grande;7.377;7.422;7.510;7.591;7.713;7.657;0,06;0,12;0,11;0,16;-0,07
3543303;Ribeirão Pires;104.305;112.994;118.968;121.747;121.068;117.245;0,8;0,52;0,23;-0,06;-0,32
3543402;Ribeirão Preto;504.162;603.774;683.777;726.450;737.629;723.986;1,82;1,25;0,61;0,15;-0,19
3543501;Riversul;7.210;6.171;5.705;5.555;5.472;5.341;-1,54;-0,78;-0,27;-0,15;-0,24
3543600;Rifaina;3.321;3.435;3.468;3.470;3.385;3.218;0,34;0,1;0,01;-0,25;-0,5
3543709;Rincão;10.330;10.413;10.496;10.573;10.540;10.266;0,08;0,08;0,07;-0,03;-0,26
3543808;Rinópolis;10.263;9.938;9.720;9.480;9.120;8.599;-0,32;-0,22;-0,25;-0,39;-0,59
3543907;Rio Claro;167.902;186.095;201.212;210.004;210.729;204.647;1,03;0,78;0,43;0,03;-0,29
3544004;Rio das Pedras;23.448;29.445;34.416;37.676;39.123;39.034;2,3;1,57;0,91;0,38;-0,02
3544103;Rio Grande da Serra;37.015;43.912;49.816;54.393;56.804;57.212;1,72;1,27;0,88;0,43;0,07
3544202;Riolândia;8.552;10.556;11.431;12.101;12.517;12.628;2,13;0,8;0,57;0,34;0,09
3544251;Rosana;24.192;19.725;18.387;17.830;17.363;16.576;-2,02;-0,7;-0,31;-0,27;-0,46
3544301;Roseira;8.551;9.590;10.642;11.359;11.713;11.760;1,15;1,05;0,65;0,31;0,04
3544400;Rubiácea;2.340;2.725;3.106;3.405;3.554;3.550;1,53;1,32;0,92;0,43;-0,01
3544509;Rubinéia;2.611;2.860;2.989;3.022;2.933;2.789;0,92;0,44;0,11;-0,3;-0,5
3544608;Sabino;4.947;5.215;5.468;5.590;5.581;5.490;0,53;0,47;0,22;-0,02;-0,16
3544707;Sagres;2.441;2.395;2.362;2.346;2.289;2.203;-0,19;-0,14;-0,07;-0,25;-0,38
3544806;Sales;4.555;5.443;6.050;6.299;6.312;6.201;1,8;1,06;0,4;0,02;-0,18
3544905;Sales Oliveira;9.308;10.557;11.518;12.035;12.075;11.758;1,27;0,88;0,44;0,03;-0,27
3545001;Salesópolis;14.326;15.624;16.838;17.832;18.505;18.889;0,87;0,75;0,58;0,37;0,21
3545100;Salmourão;4.402;4.814;5.117;5.303;5.294;5.172;0,9;0,61;0,36;-0,02;-0,23
3545159;Saltinho;5.792;7.047;7.860;8.115;7.985;7.616;1,98;1,1;0,32;-0,16;-0,47
3545209;Salto;92.933;105.407;115.372;121.660;123.284;120.694;1,27;0,91;0,53;0,13;-0,21
3545308;Salto de Pirapora;34.965;40.087;44.223;46.813;47.828;47.752;1,38;0,99;0,57;0,21;-0,02
3545407;Salto Grande;8.437;8.784;9.095;9.362;9.527;9.536;0,4;0,35;0,29;0,17;0,01
3545506;Sandovalina;3.082;3.693;4.211;4.628;4.856;4.931;1,83;1,32;0,95;0,48;0,15
3545605;Santa Adélia;13.441;14.325;14.892;15.161;15.003;14.442;0,64;0,39;0,18;-0,1;-0,38
3545704;Santa Albertina;5.589;5.722;5.672;5.502;5.178;4.742;0,24;-0,09;-0,3;-0,61;-0,88
3545803;Santa Bárbara d'Oeste;169.818;179.924;188.745;193.153;191.125;183.386;0,58;0,48;0,23;-0,11;-0,41
3546009;Santa Branca;12.982;13.757;14.179;14.438;14.366;13.882;0,58;0,3;0,18;-0,05;-0,34
3546108;Santa Clara d'Oeste;2.126;2.084;2.006;1.925;1.827;1.706;-0,2;-0,38;-0,41;-0,52;-0,68
3546207;Santa Cruz da Conceição;3.525;3.998;4.349;4.525;4.488;4.312;1,27;0,85;0,4;-0,08;-0,4
3546256;Santa Cruz da Esperança;1.795;1.952;2.077;2.160;2.194;2.179;0,84;0,62;0,39;0,16;-0,07
3546306;Santa Cruz das Palmeiras;25.517;29.893;33.729;36.375;37.609;37.687;1,6;1,21;0,76;0,33;0,02
3546405;Santa Cruz do Rio Pardo;40.876;43.895;46.110;47.578;47.941;47.163;0,72;0,49;0,31;0,08;-0,16
3546504;Santa Ernestina;5.739;5.569;5.525;5.523;5.458;5.225;-0,3;-0,08;0;-0,12;-0,44
3546603;Santa Fé do Sul;26.478;29.215;30.804;31.387;30.769;29.243;0,99;0,53;0,19;-0,2;-0,51
3546702;Santa Gertrudes;15.845;21.579;26.189;29.882;32.143;33.005;3,14;1,96;1,33;0,73;0,26
3546801;Santa Isabel;43.682;50.393;55.086;58.191;59.742;59.875;1,44;0,89;0,55;0,26;0,02
3546900;Santa Lúcia;7.837;8.245;8.562;8.828;8.981;8.935;0,51;0,38;0,31;0,17;-0,05
3547007;Santa Maria da Serra;4.669;5.406;6.141;6.790;7.267;7.563;1,48;1,28;1,01;0,68;0,4
3547106;Santa Mercedes;2.805;2.831;2.813;2.832;2.827;2.743;0,09;-0,06;0,07;-0,02;-0,3
3547205;Santana da Ponte Pensa;1.898;1.643;1.509;1.395;1.267;1.116;-1,43;-0,85;-0,78;-0,96;-1,26
3547304;Santana de Parnaíba;74.343;108.474;138.132;162.322;178.709;189.874;3,85;2,45;1,63;0,97;0,61
3547403;Santa Rita d'Oeste;2.701;2.544;2.404;2.243;2.044;1.846;-0,6;-0,56;-0,69;-0,92;-1,01
3547502;Santa Rita do Passa Quatro;26.118;26.475;26.385;26.035;25.241;24.037;0,14;-0,03;-0,13;-0,31;-0,49
3547601;Santa Rosa de Viterbo;21.413;23.841;25.604;26.649;26.648;25.901;1,08;0,72;0,4;0;-0,28
3547650;Santa Salete;1.379;1.446;1.440;1.401;1.321;1.219;0,48;-0,04;-0,27;-0,59;-0,8
3547700;Santo Anastácio;20.741;20.477;20.127;19.888;19.521;18.725;-0,13;-0,17;-0,12;-0,19;-0,42
3547809;Santo André;649.000;676.177;693.867;697.124;685.195;660.182;0,41;0,26;0,05;-0,17;-0,37
3547908;Santo Antônio da Alegria;5.757;6.299;6.637;6.802;6.716;6.478;0,9;0,52;0,25;-0,13;-0,36
3548005;Santo Antônio de Posse;18.074;20.628;22.849;24.453;25.137;24.982;1,33;1,03;0,68;0,28;-0,06
3548054;Santo Antônio do Aracanguá;6.930;7.620;8.252;8.606;8.640;8.365;0,95;0,8;0,42;0,04;-0,32
3548104;Santo Antônio do Jardim;6.150;5.945;5.826;5.787;5.656;5.389;-0,34;-0,2;-0,07;-0,23;-0,48
3548203;Santo Antônio do Pinhal;6.318;6.485;6.628;6.769;6.824;6.701;0,26;0,22;0,21;0,08;-0,18
3548302;Santo Expedito;2.523;2.801;2.972;3.092;3.133;3.084;1,05;0,59;0,4;0,13;-0,16
3548401;Santópolis do Aguapeí;3.816;4.273;4.668;4.931;5.028;4.995;1,14;0,89;0,55;0,19;-0,07
3548500;Santos;417.975;419.388;428.703;435.529;434.826;426.381;0,03;0,22;0,16;-0,02;-0,2
3548609;São Bento do Sapucaí;10.339;10.467;10.530;10.575;10.381;9.923;0,12;0,06;0,04;-0,18;-0,45
3548708;São Bernardo do Campo;701.756;764.922;812.086;836.446;837.875;816.489;0,87;0,6;0,3;0,02;-0,26
3548807;São Caetano do Sul;140.241;149.185;151.244;148.700;142.214;132.729;0,62;0,14;-0,17;-0,44;-0,69
3548906;São Carlos;192.639;221.692;242.632;253.937;254.826;247.139;1,41;0,91;0,46;0,03;-0,31
3549003;São Francisco;2.860;2.794;2.677;2.573;2.447;2.279;-0,23;-0,43;-0,4;-0,5;-0,71
3549102;São João da Boa Vista;77.304;83.585;87.340;88.436;86.032;81.071;0,78;0,44;0,12;-0,28;-0,59
3549201;São João das Duas Pontes;2.661;2.567;2.476;2.365;2.261;2.103;-0,36;-0,36;-0,46;-0,45;-0,72
3549250;São João de Iracema;1.671;1.779;1.850;1.866;1.826;1.745;0,63;0,39;0,09;-0,22;-0,45
3549300;São João do Pau d'Alho;2.185;2.104;1.985;1.866;1.732;1.587;-0,38;-0,58;-0,62;-0,74;-0,87
3549409;São Joaquim da Barra;41.530;46.469;50.274;52.600;53.099;52.065;1,13;0,79;0,45;0,09;-0,2
3549508;São José da Bela Vista;8.066;8.403;8.727;9.033;9.218;9.198;0,41;0,38;0,35;0,2;-0,02
3549607;São José do Barreiro;4.141;4.078;4.070;4.099;4.097;4.008;-0,15;-0,02;0,07;0;-0,22
3549706;São José do Rio Pardo;50.022;51.885;53.206;53.577;52.618;50.499;0,37;0,25;0,07;-0,18;-0,41
3549805;São José do Rio Preto;357.705;407.816;447.924;466.238;464.364;447.629;1,32;0,94;0,4;-0,04;-0,37
3549904;São José dos Campos;538.298;629.106;710.654;763.810;786.847;785.264;1,57;1,23;0,72;0,3;-0,02
3549953;São Lourenço da Serra;12.145;13.957;15.579;16.887;17.604;17.874;1,4;1,11;0,81;0,42;0,15
3550001;São Luiz do Paraitinga;10.424;10.397;10.569;10.687;10.654;10.422;-0,03;0,16;0,11;-0,03;-0,22
3550100;São Manuel;36.502;38.327;39.574;40.447;40.452;39.441;0,49;0,32;0,22;0;-0,25
3550209;São Miguel Arcanjo;30.743;31.445;32.000;33.088;33.921;34.092;0,23;0,18;0,33;0,25;0,05
3550308;São Paulo;10.426.384;11.245.983;11.869.660;12.242.971;12.354.697;12.205.291;0,76;0,54;0,31;0,09;-0,12
3550407;São Pedro;27.811;31.629;34.208;35.897;36.334;35.725;1,29;0,79;0,48;0,12;-0,17
3550506;São Pedro do Turvo;6.889;7.195;7.369;7.532;7.507;7.340;0,44;0,24;0,22;-0,03;-0,22
3550605;São Roque;66.537;78.711;87.435;92.329;93.559;91.783;1,69;1,06;0,55;0,13;-0,19
3550704;São Sebastião;57.745;73.793;87.135;96.765;102.851;105.635;2,48;1,68;1,05;0,61;0,27
3550803;São Sebastião da Grama;12.448;12.102;11.936;11.827;11.553;11.028;-0,28;-0,14;-0,09;-0,23;-0,46
3550902;São Simão;13.658;14.340;14.847;15.188;15.120;14.700;0,49;0,35;0,23;-0,04;-0,28
3551009;São Vicente;303.199;332.193;357.929;378.230;386.766;385.408;0,92;0,75;0,55;0,22;-0,04
3551108;Sarapuí;7.792;9.016;10.110;10.999;11.536;11.739;1,47;1,15;0,85;0,48;0,17
3551207;Sarutaiá;3.732;3.623;3.646;3.689;3.697;3.671;-0,3;0,06;0,12;0,02;-0,07
3551306;Sebastianópolis do Sul;2.546;3.027;3.293;3.368;3.284;3.094;1,75;0,85;0,23;-0,25;-0,59
3551405;Serra Azul;7.433;11.217;12.282;13.189;13.675;13.807;4,2;0,91;0,72;0,36;0,1
3551504;Serrana;32.499;38.821;44.434;48.320;50.350;50.860;1,79;1,36;0,84;0,41;0,1
3551603;Serra Negra;23.829;26.365;27.440;27.675;27.051;25.796;1,02;0,4;0,09;-0,23;-0,47
3551702;Sertãozinho;94.499;109.936;122.355;128.850;130.678;128.722;1,52;1,08;0,52;0,14;-0,15
3551801;Sete Barras;13.702;13.011;12.628;12.847;13.072;13.115;-0,52;-0,3;0,17;0,17;0,03
3551900;Severínia;13.570;15.484;17.126;18.361;18.907;18.808;1,33;1,01;0,7;0,29;-0,05
3552007;Silveiras;5.373;5.788;6.204;6.514;6.676;6.677;0,75;0,7;0,49;0,25;0
3552106;Socorro;32.684;36.651;38.783;39.538;38.952;37.563;1,15;0,57;0,19;-0,15;-0,36
3552205;Sorocaba;492.245;585.780;658.547;701.571;715.449;706.857;1,75;1,18;0,63;0,2;-0,12
3552304;Sud Mennucci;7.363;7.434;7.713;7.825;7.817;7.661;0,1;0,37;0,14;-0,01;-0,2
3552403;Sumaré;196.099;240.901;283.212;313.381;329.623;331.716;2,08;1,63;1,02;0,51;0,06
3552502;Suzano;227.917;262.179;291.002;313.762;327.657;333.497;1,41;1,05;0,76;0,43;0,18
3552551;Suzanápolis;2.786;3.378;3.947;4.329;4.536;4.605;1,95;1,57;0,93;0,47;0,15
3552601;Tabapuã;10.488;11.355;11.892;12.038;11.840;11.347;0,8;0,46;0,12;-0,17;-0,42
3552700;Tabatinga;12.967;14.671;15.897;16.775;17.051;16.805;1,24;0,81;0,54;0,16;-0,15
3552809;Taboão da Serra;197.247;244.095;283.871;314.320;335.902;348.470;2,15;1,52;1,02;0,67;0,37
3552908;Taciba;5.216;5.710;6.054;6.296;6.356;6.225;0,91;0,59;0,39;0,09;-0,21
3553005;Taguaí;7.458;10.795;13.319;14.987;16.013;16.660;3,77;2,12;1,19;0,66;0,4
3553104;Taiaçu;5.613;5.892;6.037;6.100;6.039;5.798;0,49;0,24;0,1;-0,1;-0,41
3553203;Taiúva;5.503;5.447;6.278;6.111;5.828;5.454;-0,1;1,43;-0,27;-0,47;-0,66
3553302;Tambaú;22.234;22.405;22.803;23.120;23.058;22.556;0,08;0,18;0,14;-0,03;-0,22
3553401;Tanabi;22.577;24.042;25.105;25.282;24.592;23.287;0,63;0,43;0,07;-0,28;-0,54
3553500;Tapiraí;8.538;8.016;7.699;7.792;7.840;7.730;-0,63;-0,4;0,12;0,06;-0,14
3553609;Tapiratiba;12.931;12.739;12.610;12.520;12.166;11.499;-0,15;-0,1;-0,07;-0,29;-0,56
3553658;Taquaral;2.721;2.726;2.751;2.764;2.727;2.642;0,02;0,09;0,05;-0,13;-0,32
3553708;Taquaritinga;52.013;53.972;54.499;54.469;53.384;51.108;0,37;0,1;-0,01;-0,2;-0,43
3553807;Taquarituba;21.947;22.288;23.193;23.666;23.672;23.307;0,15;0,4;0,2;0;-0,16
3553856;Taquarivaí;4.457;5.145;5.746;6.296;6.653;6.844;1,45;1,11;0,92;0,55;0,28
3553906;Tarabai;5.775;6.600;7.269;7.795;8.043;8.043;1,34;0,97;0,7;0,31;0
3553955;Tarumã;10.731;12.865;14.806;16.131;16.796;16.944;1,83;1,42;0,86;0,4;0,09
3554003;Tatuí;93.235;107.202;120.123;130.009;135.715;137.969;1,41;1,14;0,79;0,43;0,16
3554102;Taubaté;243.783;278.379;307.361;324.754;328.574;322.336;1,34;1;0,55;0,12;-0,19
3554201;Tejupá;5.330;4.813;4.697;4.793;4.841;4.819;-1,02;-0,24;0,2;0,1;-0,05
3554300;Teodoro Sampaio;19.991;21.374;22.414;23.098;23.388;23.053;0,67;0,48;0,3;0,12;-0,14
3554409;Terra Roxa;7.741;8.498;9.121;9.560;9.713;9.635;0,94;0,71;0,47;0,16;-0,08
3554508;Tietê;31.638;36.789;41.073;44.070;45.597;45.735;1,52;1,11;0,71;0,34;0,03
3554607;Timburi;2.732;2.647;2.557;2.484;2.377;2.238;-0,32;-0,35;-0,29;-0,44;-0,6
3554656;Torre de Pedra;2.133;2.253;2.320;2.358;2.335;2.268;0,55;0,29;0,16;-0,1;-0,29
3554706;Torrinha;8.824;9.326;9.713;9.860;9.671;9.236;0,55;0,41;0,15;-0,19;-0,46
3554755;Trabiju;1.380;1.543;1.703;1.821;1.856;1.856;1,12;0,99;0,67;0,19;0
3554805;Tremembé;34.746;40.928;45.978;49.374;50.636;50.351;1,65;1,17;0,72;0,25;-0,06
3554904;Três Fronteiras;5.158;5.425;5.547;5.536;5.396;5.169;0,51;0,22;-0,02;-0,26;-0,43
3554953;Tuiuti;4.947;5.921;6.557;6.884;6.942;6.816;1,81;1,03;0,49;0,08;-0,18
3555000;Tupã;63.288;63.475;62.843;61.401;59.071;55.461;0,03;-0,1;-0,23;-0,39;-0,63
3555109;Tupi Paulista;13.293;14.261;14.878;14.767;14.151;13.321;0,71;0,42;-0,07;-0,43;-0,6
3555208;Turiúba;1.897;1.930;1.912;1.839;1.732;1.586;0,17;-0,09;-0,39;-0,6;-0,88
3555307;Turmalina;2.369;1.981;1.805;1.657;1.495;1.327;-1,77;-0,93;-0,85;-1,02;-1,18
3555356;Ubarana;4.204;5.279;6.066;6.613;6.902;6.978;2,3;1,4;0,87;0,43;0,11
3555406;Ubatuba;66.644;78.693;88.916;96.515;100.330;100.872;1,68;1,23;0,82;0,39;0,05
3555505;Ubirajara;4.156;4.425;4.663;4.843;4.896;4.868;0,63;0,53;0,38;0,11;-0,06
3555604;Uchoa;9.028;9.467;9.683;9.686;9.379;8.834;0,48;0,23;0;-0,32;-0,6
3555703;União Paulista;1.354;1.597;1.739;1.853;1.925;1.955;1,66;0,86;0,64;0,38;0,15
3555802;Urânia;8.822;8.836;8.611;8.302;7.830;7.213;0,02;-0,26;-0,36;-0,58;-0,82
3555901;Uru;1.404;1.252;1.207;1.170;1.125;1.061;-1,14;-0,37;-0,31;-0,39;-0,58
3556008;Urupês;11.825;12.706;13.164;13.240;12.912;12.279;0,72;0,35;0,06;-0,25;-0,5
3556107;Valentim Gentil;8.575;11.013;12.770;13.833;14.177;14.015;2,53;1,49;0,8;0,25;-0,11
3556206;Valinhos;82.817;106.569;124.742;133.638;136.025;132.821;2,55;1,59;0,69;0,18;-0,24
3556305;Valparaíso;18.554;22.539;23.988;24.951;25.368;25.132;1,96;0,63;0,39;0,17;-0,09
3556354;Vargem;6.953;8.784;10.000;10.842;11.027;10.830;2,37;1,3;0,81;0,17;-0,18
3556404;Vargem Grande do Sul;36.247;39.240;41.501;43.048;43.438;42.734;0,8;0,56;0,37;0,09;-0,16
3556453;Vargem Grande Paulista;32.464;42.899;52.762;61.050;67.367;71.933;2,83;2,09;1,47;0,99;0,66
3556503;Várzea Paulista;92.537;106.961;120.535;128.969;132.684;132.008;1,46;1,2;0,68;0,28;-0,05
3556602;Vera Cruz;11.085;10.772;10.524;10.333;10.058;9.559;-0,29;-0,23;-0,18;-0,27;-0,51
3556701;Vinhedo;47.065;63.453;77.521;85.651;88.605;88.232;3,03;2,02;1;0,34;-0,04
3556800;Viradouro;15.933;17.285;18.347;19.030;19.287;19.050;0,82;0,6;0,37;0,13;-0,12
3556909;Vista Alegre do Alto;4.742;6.865;8.014;8.673;8.937;8.880;3,77;1,56;0,79;0,3;-0,06
3556958;Vitória Brasil;1.673;1.736;1.760;1.749;1.690;1.596;0,37;0,14;-0,06;-0,34;-0,57
3557006;Votorantim;95.767;108.695;119.824;127.271;130.246;129.770;1,27;0,98;0,6;0,23;-0,04
3557105;Votuporanga;75.528;84.612;91.760;94.506;92.861;88.475;1,14;0,81;0,3;-0,18;-0,48
3557154;Zacarias;1.947;2.331;2.560;2.678;2.699;2.628;1,82;0,94;0,45;0,08;-0,27
3557204;Chavantes;12.189;12.115;12.223;12.249;12.221;12.040;-0,06;0,09;0,02;-0,02;-0,15
3557303;Estiva Gerbi;8.832;10.033;11.079;11.746;11.864;11.573;1,28;1;0,59;0,1;-0,25
